ean;mfn;brand;name;category;price;currency;qty
730143315289;100-100001084WOF;AMD;AMD Ryzen 7 9800X3D (8 rdzeni);CPU;1370.95;PLN;18
730143315555;100-100000719WOF;AMD;AMD Ryzen 9 9950X3D (16 rdzeni);CPU;2049.97;PLN;12
730143315609;100-100001405WOF;AMD;AMD Ryzen 5 9600X (6 rdzeni);CPU;562.92;PLN;12
730143314930;100-100000910WOF;AMD;AMD Ryzen 7 7800X3D (8 rdzeni);CPU;1097.02;PLN;16
5032037281980;BX80768265KF;Intel;Intel Core Ultra 7 265KF (20 rdzeni);CPU;956.75;PLN;12
5032037282109;BX80768245KF;Intel;Intel Core Ultra 5 245KF (14 rdzeni);CPU;562.92;PLN;16
4260751595590;100-000000927;AMD;AMD Ryzen 5 5600 OEM (6 rdzeni);CPU;355.89;PLN;35
5032037284837;BX80768270K;Intel;Intel Core Ultra 7 270K Plus (24 rdzenie);CPU;997.49;PLN;24
730143315296;100-100000662WOF;AMD;AMD Ryzen 9 9900X (12 rdzeni);CPU;1124.99;PLN;16
8592978468668;100-000000597;AMD;AMD Ryzen 5 7500F OEM (6 rdzeni);CPU;393.16;PLN;35
4711377344272;V537-002R;MSI;MSI GeForce RTX 5060 8G VENTUS 2X OC 8 GB GDDR7;GPU;1472.80;PLN;6
4711377334471;V535-005R;MSI;MSI GeForce RTX 5060 Ti 16G VENTUS 2X OC PLUS;GPU;2518.50;PLN;9
4710562245189;NE7506T019T1-GB2061S;Palit;Palit GeForce RTX 5060 Ti Infinity 3 16GB GDDR7;GPU;2544.34;PLN;12
4711636046213;90YV0M17-M0NA00;ASUS;ASUS Dual GeForce RTX 5070 OC 12GB GDDR7;GPU;2783.32;PLN;10
4711377301541;V531-240R;MSI;MSI GeForce RTX 5070 Ti Gaming Trio OC 16GB GDDR7;GPU;4263.59;PLN;3
4711377309219;508016GVENTUS3XOC;MSI;MSI GeForce RTX 5080 Ventus 3X OC 16GB GDDR7;GPU;5704.67;PLN;8
4895106295919;11348-03-20G;Sapphire;Sapphire Radeon RX 9070 XT PULSE 16GB GDDR6;GPU;3265.43;PLN;3
4719331355524;GV-R9070XTGAMINGOC-16GD;Gigabyte;Gigabyte Radeon RX 9070 XT Gaming OC 16GB GDDR6;GPU;3502.23;PLN;3
4895106296381;11350-03-20G;Sapphire;Sapphire Radeon RX 9060 XT Pulse OC 16GB GDDR6;GPU;1975.29;PLN;9
4719331356439;GV-N5060EAGLEOC-8GD;Gigabyte;Gigabyte GeForce RTX 5060 EAGLE OC 8G;GPU;1540.70;PLN;12
4719331355494;GV-N5080GAMINGOC-16GD;Gigabyte;Gigabyte GeForce RTX 5080 Gaming OC 16GB GDDR7;GPU;5383.04;PLN;8
8886307700612;ZT-B50620E-10M;Zotac;Zotac Gaming GeForce RTX 5060 Ti 16GB Twin Edge;GPU;2735.79;PLN;9
4711377402859;MAGB850TOMAHAWKWIFI;MSI;MSI MAG B850 TOMAHAWK WIFI;Motherboard;671.56;PLN;20
4711387781609;90MB1J30-M0EAY0;ASUS;ASUS TUF B850-PLUS WIFI;Motherboard;651.19;PLN;12
4711581490178;90-MXBQL0-A0UAYZ;ASRock;ASRock B850 Pro RS WiFi;Motherboard;488.73;PLN;35
4711377291927;MAGX870ETOMAHAWKWIFI;MSI;MSI MAG X870E TOMAHAWK WIFI;Motherboard;1106.13;PLN;12
4711377259712;MAGZ890TOMAHAWKWIFI;MSI;MSI MAG Z890 TOMAHAWK WIFI;Motherboard;949.96;PLN;20
4711387763926;90MB1IQ0-M0EAY0;ASUS;ASUS TUF GAMING Z890-PLUS WIFI;Motherboard;824.34;PLN;24
4719331860073;B650GAMINGXAXV2;Gigabyte;Gigabyte B650 GAMING X AX V2;Motherboard;420.32;PLN;30
4711081309741;PRIMEB550M-AWIFIII;ASUS;ASUS PRIME B550M-A WIFI II;Motherboard;320.93;PLN;35
4711581490123;B860STEELLEGENDWIFI;ASRock;ASRock B860 Steel Legend WiFi;Motherboard;590.07;PLN;24
4719331871529;X870EAELITEWIFI7ICE;Gigabyte;Gigabyte X870E AORUS ELITE WIFI7 ICE;Motherboard;950.20;PLN;16
4711377290623;MAGB850TOMAHAWKMAXWIFI;MSI;MSI MAG B850 TOMAHAWK MAX WIFI;Motherboard;909.22;PLN;24
740617342994;KF560C30BBEK2-32;Kingston;Kingston Fury Beast, DDR5, 32 GB, 6000MHz, CL30;Memory;2151.83;PLN;50
4713294230454;F5-6000J3038F16GX2-TZ5N;G.Skill;G.Skill Trident Z5 Neo, DDR5, 32 GB, 6000MHz, CL30;Memory;2009.23;PLN;9
840006671343;CMH32GX5M2B6000C30;Corsair;Corsair Vengeance RGB, DDR5, 32 GB, 6000MHz, CL30;Memory;2082.88;PLN;15
4713294232762;F5-6000J3040G32GX2-TZ5NR;G.Skill;G.Skill Trident Z5 Neo RGB, DDR5, 64 GB, 6000MHz, CL30;Memory;4243.22;PLN;3
5908267901724;IR-6000D564L36S/32GDC;GoodRam;GoodRam IRDM, DDR5, 32 GB, 6000MHz, CL36;Memory;1614.42;PLN;12
4713294224415;F4-3200C16D-32GIS;G.Skill;G.Skill Aegis, DDR4, 32 GB, 3200MHz, CL16;Memory;807.36;PLN;24
740617345841;KF560C36BBE2K2-32;Kingston;Kingston Fury Beast, DDR5, 32 GB, 6000MHz, CL36;Memory;1880.22;PLN;9
840006674368;CMP32GX5M2B6400C32W;Corsair;Corsair Dominator Titanium RGB, DDR5, 32 GB, 6400MHz, CL32;Memory;2488.41;PLN;12
8806094215038;MZ-V9P2T0BW;Samsung;Samsung 990 PRO 2TB M.2 2280 PCI-E x4 Gen4 NVMe;Storage;1187.62;PLN;12
8806095811710;MZ-VAP2T0BW;Samsung;Samsung 9100 Pro 2TB M.2 2280 PCI-E x4 Gen5 NVMe;Storage;1418.65;PLN;35
718037891408;WDS200T2X0E;Western Digital;WD Black SN850X 2TB M.2 2280 PCI-E x4 Gen4 NVMe;Storage;1248.73;PLN;24
740617344790;SNV3S/1000G;Kingston;Kingston SNV3S 1TB M.2 2280 PCI-E x4 Gen4 NVMe;Storage;488.22;PLN;30
843367130290;LNM790X002T-RNNNG;Lexar;Lexar NM790 2TB M.2 2280 PCI-E x4 Gen4 NVMe;Storage;929.22;PLN;20
649528942241;CT2000P310SSD8;Crucial;Crucial P310 2TB M.2 2280 PCI-E x4 Gen4 NVMe;Storage;1006.13;PLN;12
740617349498;SFYR2S/2T0;Kingston;Kingston Renegade G5 2TB M.2 2280 PCI-E x4 Gen5 NVMe;Storage;1214.77;PLN;20
8806094947205;MZ-V9P4T0BW;Samsung;Samsung 990 PRO 4TB M.2 2280 PCI-E x4 Gen4 NVMe;Storage;2194.75;PLN;15
4260052192191;BP027EU;be quiet!;be quiet! Pure Power 13 M 850W;PSU;420.32;PLN;30
840006691204;CP-9020296-EU;Corsair;Corsair RM850e 2025 850W ATX 3.1;PSU;406.73;PLN;25
840006667445;CP-9020270-EU;Corsair;Corsair RM850x 2024 850W;PSU;446.78;PLN;22
4711173878438;FOCUS-GX-850-V4;Seasonic;Seasonic FOCUS GX-850 v4;PSU;523.69;PLN;35
4719331557140;GP-GME750GMPG5EU;Gigabyte;Gigabyte Gaming 750GM PG5 ATX 3.1;PSU;311.67;PLN;25
840440495161;CP-9020307-EU;Corsair;Corsair HX1200i 2025 1200W ATX 3.1;PSU;1138.98;PLN;16
5903018668918;EY7A015;Endorfy;Endorfy Vero L6 650W;PSU;169.08;PLN;45
4711387594384;90YE00W1-B0NA00;ASUS;ASUS ROG Strix Platinum 1000W;PSU;817.35;PLN;12
4260052192207;BP028EU;be quiet!;be quiet! Pure Power 13 M 1000W;PSU;488.22;PLN;30
4260052191804;BG074;be quiet!;be quiet! Pure Base 501 Airflow;Case;223.40;PLN;35
5056547205854;CC-H52FB-01;NZXT;NZXT H5 Flow (2024);Case;250.56;PLN;25
4718466015884;G99.O11VPX.00;Lian Li;Lian Li O11 Vision Compact;Case;446.78;PLN;30
840440496571;CC-9011312-WW;Corsair;Corsair Frame 4000D RS;Case;313.93;PLN;25
5903018666327;EY2A013;Endorfy;Endorfy Arx 700 ARGB;Case;291.30;PLN;22
4718466014153;O11DERGBX;Lian Li;Lian Li O11 Dynamic EVO RGB;Case;502.72;PLN;1
5903018666211;EY2A002;Endorfy;Endorfy Ventum 200 Air;Case;148.70;PLN;60
7340172710448;FD-C-POA2A-02;Fractal Design;Fractal Design Pop 2 Air TG;Case;271.98;PLN;35
4260052190142;BGW50;be quiet!;be quiet! Dark Base 901 Pro ARGB;Case;827.73;PLN;24
4895213704120;ACFRE00121A;Arctic;Arctic Freezer 36;Cooler;87.59;PLN;45
5903018667911;EY3A012;Endorfy;Endorfy Fera 5 Black ARGB;Cooler;132.15;PLN;60
9010018000238;NH-D15SCH.BK;Noctua;Noctua NH-D15S;Cooler;372.79;PLN;22
4895265000249;ACFRE00180A;Arctic;Arctic Liquid Freezer III Pro 360;Cooler;250.56;PLN;30
4260052193204;BW031EU;be quiet!;be quiet! Pure Loop 3 LX 360mm;Cooler;313.93;PLN;35
4718466013507;GA2T36B;Lian Li;Lian Li Galahad II Trinity 360;Cooler;432.80;PLN;22
5903018665900;EY3B003;Endorfy;Endorfy Navis F360 Black;Cooler;230.19;PLN;35
4260052191125;BW020;be quiet!;be quiet! Light Loop 240 mm ARGB;Cooler;341.90;PLN;22
840006687528;CW-9060088-WW;Corsair;Corsair Nautilus 240 RS;Cooler;284.52;PLN;30
4895265000072;ACFAN00305A;Arctic;Arctic P12 Pro;Fan;26.49;PLN;120
4260052188859;BL093;be quiet!;be quiet! Silent Wings 4 120mm PWM;Fan;74.02;PLN;45
4718466018519;12CL1W1B;Lian Li;Lian Li UNI FAN CL Wireless 120;Fan;62.23;PLN;120
7340172708841;FD-F-MO1-1201;Fractal Design;Fractal Design Momentum 12;Fan;76.21;PLN;40
9010018100723;NF-A14X25G2PWMCH.BK;Noctua;Noctua NF-A14x25 G2 PWM;Fan;30.20;EUR;60
4260052190777;BL105;be quiet!;be quiet! Pure Wings 3 120mm PWM;Fan;33.27;PLN;80
4718466022592;G99.14SLIN1W1W.00;Lian Li;Lian Li UNI FAN SL-INF Wireless 140 White;Fan;111.17;PLN;45
886523002963;PH-F140D30_DRGB_PWM_BK01;Phanteks;Phanteks D30-140 D-RGB;Fan;101.17;PLN;40
5900000000901;SIM-OK;Acme;Symulacja: zakup OK;Akcesoria;10.00;PLN;100
5900000000902;SIM-UNKNOWN-PLACED;Acme;Symulacja: timeout, zamówienie u dostawcy istnieje;Akcesoria;10.00;PLN;100
5900000000903;SIM-UNKNOWN-LOST;Acme;Symulacja: HTTP 502, zamówienia nie ma;Akcesoria;10.00;PLN;100
5900000000904;SIM-REJECTED;Acme;Symulacja: odrzucenie przez dostawcę;Akcesoria;10.00;PLN;100
5900000000905;SIM-BLANK-ID;Acme;Symulacja: odpowiedź bez numeru zamówienia;Akcesoria;10.00;PLN;100
